transactionid,timestampsec,customerid,item
113255,"2016-12-13 18:05:37",200000663,8619953091
113254,"2016-12-13 18:05:22",200000661,2020397001
113253,"2016-12-13 18:03:57",200000662,4681342313
113252,"2016-12-13 18:01:45",100000007,6697166886
113251,"2016-12-13 18:01:22",400000180,6697166886
113250,"2016-12-13 17:59:20",200000701,5187373849
113249,"2016-12-13 17:59:11",300000467,7010679527
113248,"2016-12-13 17:58:07",400000706,1893735141
113247,"2016-12-13 17:57:50",100000061,8241463559
113246,"2016-12-13 17:55:30",400000513,2430071492
113245,"2016-12-13 17:51:34",200000459,6988128169
113244,"2016-12-13 17:48:55",200000482,7270957383
113243,"2016-12-13 17:48:05",100000081,6228611532
113242,"2016-12-13 17:46:18",200000821,1940915493
113241,"2016-12-13 17:45:21",300000015,3305177499
113240,"2016-12-13 17:43:39",100000252,4924918902
113239,"2016-12-13 17:42:54",300000822,2363094138
113238,"2016-12-13 17:42:42",300000815,2355020550
113237,"2016-12-13 17:42:31",100000618,3890778939
113236,"2016-12-13 17:42:25",100000051,5153370805
113235,"2016-12-13 17:42:11",100000880,1737807900
113234,"2016-12-13 17:40:07",100000898,2695940506
113233,"2016-12-13 17:40:00",400000359,9873264896
113232,"2016-12-13 17:39:47",100000559,7270957383
113231,"2016-12-13 17:38:30",100000878,8068199275
113230,"2016-12-13 17:36:34",100000013,2588421965
113229,"2016-12-13 17:35:12",100000569,9730446421
113228,"2016-12-13 17:34:14",300000852,4327321762
113227,"2016-12-13 17:33:45",100000158,3126356136
113226,"2016-12-13 17:33:24",300000023,2178891798
113225,"2016-12-13 17:33:09",100000923,3795753080
113224,"2016-12-13 17:29:27",100000251,2210750188
113223,"2016-12-13 17:28:01",400000557,5509524170
113222,"2016-12-13 17:27:42",300000614,2524845521
113221,"2016-12-13 17:26:26",100000477,6228611532
113220,"2016-12-13 17:26:03",200000537,4924918902
113219,"2016-12-13 17:25:38",100000567,5050067655
113218,"2016-12-13 17:24:57",200000256,3123824581
113217,"2016-12-13 17:22:56",400000368,7841340144
113216,"2016-12-13 17:20:59",100000521,9538578209
113215,"2016-12-13 17:20:34",200000493,9730446421
113214,"2016-12-13 17:20:00",100000173,5310615417
113213,"2016-12-13 17:19:55",100000824,6991736764
113212,"2016-12-13 17:18:45",100000344,6182400847
113211,"2016-12-13 17:17:26",100000760,8675740287
113210,"2016-12-13 17:17:24",100000542,6661671897
113209,"2016-12-13 17:12:58",300000730,2430071492
113208,"2016-12-13 17:11:42",100000121,2363094138
113207,"2016-12-13 17:10:42",100000051,7833392032
113206,"2016-12-13 17:10:19",200000582,3256419181
113205,"2016-12-13 17:09:16",400000396,1160651321
113204,"2016-12-13 17:08:25",300000238,2355020550
113203,"2016-12-13 17:08:04",100000236,1284609276
113202,"2016-12-13 17:05:30",100000010,5509524170
113201,"2016-12-13 17:04:47",100000341,6511971572
113200,"2016-12-13 17:03:16",100000564,8143229140
113199,"2016-12-13 16:59:02",400000690,6182400847
113198,"2016-12-13 16:59:00",200000387,2113413915
113197,"2016-12-13 16:58:33",400000916,9862518267
113196,"2016-12-13 16:57:23",100000931,3890778939
113195,"2016-12-13 16:53:45",100000345,8068199275
113194,"2016-12-13 16:53:19",100000144,5997626126
113193,"2016-12-13 16:52:36",300000495,3135576553
113192,"2016-12-13 16:52:34",100000169,6548962456
113191,"2016-12-13 16:51:25",300000702,7841340144
113190,"2016-12-13 16:51:08",100000383,7010679527
113189,"2016-12-13 16:50:19",200000646,3750666773
113188,"2016-12-13 16:49:38",400000398,7645689457
113187,"2016-12-13 16:45:36",100000192,6511971572
113186,"2016-12-13 16:45:00",100000315,6697166886
113185,"2016-12-13 16:42:24",100000181,7833392032
113184,"2016-12-13 16:40:51",300000814,8269421724
113183,"2016-12-13 16:39:44",100000854,9313710898
113182,"2016-12-13 16:38:24",100000286,2430071492
113181,"2016-12-13 16:38:12",200000548,1284609276
113180,"2016-12-13 16:37:28",100000145,8675740287
113179,"2016-12-13 16:33:11",100000412,2876522496
113178,"2016-12-13 16:31:57",200000350,6228611532
113177,"2016-12-13 16:26:19",100000724,3382973348
113176,"2016-12-13 16:24:23",400000653,4934584980
113175,"2016-12-13 16:23:41",100000136,8586814459
113174,"2016-12-13 16:23:34",300000271,9538578209
113173,"2016-12-13 16:22:53",100000285,5480721202
113172,"2016-12-13 16:22:46",200000523,4291344502
113171,"2016-12-13 16:22:33",100000154,8619953091
113170,"2016-12-13 16:21:27",200000071,6648383061
113169,"2016-12-13 16:20:07",100000520,1737807900
113168,"2016-12-13 16:18:19",100000451,7502168586
113167,"2016-12-13 16:16:59",100000546,7425260271
113166,"2016-12-13 16:14:13",300000636,3305177499
113165,"2016-12-13 16:13:21",100000936,8213207925
113164,"2016-12-13 16:13:16",200000819,6648383061
113163,"2016-12-13 16:10:19",100000171,2430071492
113162,"2016-12-13 16:09:47",100000042,6511971572
113161,"2016-12-13 16:09:03",300000597,1988250904
113160,"2016-12-13 16:08:09",300000597,5997626126
113159,"2016-12-13 16:04:24",200000896,6182400847
113158,"2016-12-13 16:01:56",400000472,1336619171
113157,"2016-12-13 16:00:19",100000919,4291344502
113156,"2016-12-13 15:57:49",100000422,1336619171
113155,"2016-12-13 15:57:44",200000819,9313710898
113154,"2016-12-13 15:56:29",100000294,1737807900
113153,"2016-12-13 15:56:10",100000841,2113413915
113152,"2016-12-13 15:54:09",100000544,3256419181
113151,"2016-12-13 15:52:44",300000734,2355020550
113150,"2016-12-13 15:52:18",300000633,7502168586
113149,"2016-12-13 15:51:50",200000646,1988250904
113148,"2016-12-13 15:50:15",400000515,1303837083
113147,"2016-12-13 15:50:14",100000170,2695940506
113146,"2016-12-13 15:49:29",100000330,2355020550
113145,"2016-12-13 15:48:50",100000558,8213207925
113144,"2016-12-13 15:48:27",400000914,5145202479
113143,"2016-12-13 15:48:13",100000293,5480721202
113142,"2016-12-13 15:45:59",100000443,1489444777
113141,"2016-12-13 15:45:49",200000363,2782517448
113140,"2016-12-13 15:43:39",100000170,3256419181
113139,"2016-12-13 15:41:28",200000102,8262662751
113138,"2016-12-13 15:39:04",100000091,8948840620
113137,"2016-12-13 15:36:22",200000352,8586814459
113136,"2016-12-13 15:35:49",100000574,2557931901
113135,"2016-12-13 15:34:56",200000492,9873264896
113134,"2016-12-13 15:34:46",200000940,6660530324
113133,"2016-12-13 15:33:16",400000795,5480721202
113132,"2016-12-13 15:32:03",100000294,1039854547
113131,"2016-12-13 15:32:00",100000049,2557931901
113130,"2016-12-13 15:30:37",100000141,9873264896
113129,"2016-12-13 15:30:20",300000611,1893735141
113128,"2016-12-13 15:28:16",100000030,4622769035
113127,"2016-12-13 15:28:12",200000607,8864799421
113126,"2016-12-13 15:27:56",200000938,2588421965
113125,"2016-12-13 15:27:39",100000247,4584868492
113124,"2016-12-13 15:24:29",200000762,5050067655
113123,"2016-12-13 15:23:46",200000043,6917448328
113122,"2016-12-13 15:22:36",100000709,5127562193
113121,"2016-12-13 15:21:51",100000255,9195451761
113120,"2016-12-13 15:14:12",200000791,4924918902
113119,"2016-12-13 15:11:28",100000182,6648383061
113118,"2016-12-13 15:10:45",200000747,1737807900
113117,"2016-12-13 15:08:52",100000923,2782517448
113116,"2016-12-13 15:08:01",200000066,2876522496
113115,"2016-12-13 15:07:14",300000592,2782517448
113114,"2016-12-13 15:07:10",300000268,1284609276
113113,"2016-12-13 15:07:01",300000731,4391642886
113112,"2016-12-13 15:06:07",300000393,2210750188
113111,"2016-12-13 15:05:54",200000663,2557931901
113110,"2016-12-13 15:05:10",100000378,4619440506
113109,"2016-12-13 15:05:05",100000839,6182617964
113108,"2016-12-13 15:02:25",300000524,5127562193
113107,"2016-12-13 15:00:05",400000691,1039854547
113106,"2016-12-13 14:58:56",300000597,2588421965
113105,"2016-12-13 14:58:20",200000459,3126356136
113104,"2016-12-13 14:57:37",100000132,5509524170
113103,"2016-12-13 14:56:28",100000746,2153011099
113102,"2016-12-13 14:56:22",100000841,8864799421
113101,"2016-12-13 14:55:57",100000331,2524845521
113100,"2016-12-13 14:51:31",400000829,8213207925
113099,"2016-12-13 14:47:17",100000377,3256419181
113098,"2016-12-13 14:44:05",200000715,8143229140
113097,"2016-12-13 14:43:49",400000740,1988250904
113096,"2016-12-13 14:40:01",200000100,7690258628
113095,"2016-12-13 14:38:36",300000717,6228611532
113094,"2016-12-13 14:38:27",100000642,8586814459
113093,"2016-12-13 14:38:06",200000726,1940915493
113092,"2016-12-13 14:37:25",100000344,5187883584
113091,"2016-12-13 14:36:33",100000723,5480721202
113090,"2016-12-13 14:35:29",300000271,3305177499
113089,"2016-12-13 14:34:06",100000677,3405268556
113088,"2016-12-13 14:31:17",200000610,3132788435
113087,"2016-12-13 14:30:35",100000877,2355020550
113086,"2016-12-13 14:30:24",100000835,2363094138
113085,"2016-12-13 14:30:13",200000619,9313710898
113084,"2016-12-13 14:27:31",100000724,2248992375
113083,"2016-12-13 14:25:34",100000851,6228611532
113082,"2016-12-13 14:25:03",200000725,2210750188
113081,"2016-12-13 14:24:54",200000447,1039854547
113080,"2016-12-13 14:22:56",100000489,9862518267
113079,"2016-12-13 14:18:41",300000812,3750666773
113078,"2016-12-13 14:16:36",100000142,3750666773
113077,"2016-12-13 14:14:27",200000588,4538875409
113076,"2016-12-13 14:14:15",200000482,4574639519
113075,"2016-12-13 14:12:42",400000514,6991736764
113074,"2016-12-13 14:11:04",100000709,3390230025
113073,"2016-12-13 14:10:32",200000534,5145202479
113072,"2016-12-13 14:08:44",100000205,3132788435
113071,"2016-12-13 14:07:57",200000385,7841340144
113070,"2016-12-13 14:07:48",200000389,5127562193
113069,"2016-12-13 14:06:25",100000489,2695940506
113068,"2016-12-13 14:06:02",200000793,2876522496
113067,"2016-12-13 14:04:59",100000041,3962085980
113066,"2016-12-13 14:03:41",100000130,4622769035
113065,"2016-12-13 14:00:07",100000921,1336619171
113064,"2016-12-13 13:56:18",100000832,8619953091
113063,"2016-12-13 13:55:25",200000749,8713824671
113062,"2016-12-13 13:54:52",200000622,8586814459
113061,"2016-12-13 13:53:11",100000930,8068199275
113060,"2016-12-13 13:51:51",100000640,8624682735
113059,"2016-12-13 13:51:15",100000400,8694351166
113058,"2016-12-13 13:47:58",200000047,8948840620
113057,"2016-12-13 13:47:08",100000879,6661671897
113056,"2016-12-13 13:47:03",100000931,4538875409
113055,"2016-12-13 13:45:24",400000639,7690258628
113054,"2016-12-13 13:45:24",200000043,3390230025
113053,"2016-12-13 13:45:14",100000232,3135576553
113052,"2016-12-13 13:43:28",300000731,7463357829
113051,"2016-12-13 13:36:02",200000508,3819369487
113050,"2016-12-13 13:35:15",200000186,5187883584
113049,"2016-12-13 13:30:49",300000704,1082405301
113048,"2016-12-13 13:30:41",200000260,3750666773
113047,"2016-12-13 13:29:29",100000332,1284609276
113046,"2016-12-13 13:27:43",300000357,1319286996
113045,"2016-12-13 13:26:05",100000306,3123824581
113044,"2016-12-13 13:24:39",100000229,6991736764
113043,"2016-12-13 13:23:41",100000154,7270957383
113042,"2016-12-13 13:23:24",200000682,9870137717
113041,"2016-12-13 13:23:15",100000233,5310615417
113040,"2016-12-13 13:21:13",100000402,5997626126
113039,"2016-12-13 13:20:40",100000881,3495221948
113038,"2016-12-13 13:18:23",100000176,2178891798
113037,"2016-12-13 13:17:34",100000809,2020397001
113036,"2016-12-13 13:17:02",100000847,4619440506
113035,"2016-12-13 13:16:53",200000448,6660530324
113034,"2016-12-13 13:13:02",400000441,5509524170
113033,"2016-12-13 13:12:07",200000683,3132788435
113032,"2016-12-13 13:11:27",200000942,3405268556
113031,"2016-12-13 13:11:06",200000646,4934584980
113030,"2016-12-13 13:09:39",100000445,6719567315
113029,"2016-12-13 13:08:59",100000543,3126356136
113028,"2016-12-13 13:08:29",100000249,4622769035
113027,"2016-12-13 13:07:50",300000666,1940915493
113026,"2016-12-13 13:07:32",200000486,8713824671
113025,"2016-12-13 13:07:21",400000690,2782517448
113024,"2016-12-13 13:05:52",200000587,3962085980
113023,"2016-12-13 13:03:51",200000716,9223468295
113022,"2016-12-13 13:03:46",100000227,4924918902
113021,"2016-12-13 13:03:17",300000913,5608950888
113020,"2016-12-13 13:02:45",200000109,6182617964
113019,"2016-12-13 13:02:27",100000284,5153370805
113018,"2016-12-13 13:02:06",400000755,6228611532
113017,"2016-12-13 12:58:15",100000203,2963300774
113016,"2016-12-13 12:56:52",300000528,8586814459
113015,"2016-12-13 12:56:21",100000142,8864799421
113014,"2016-12-13 12:53:56",100000092,2153011099
113013,"2016-12-13 12:53:01",100000880,2926937052
113012,"2016-12-13 12:53:00",100000501,8619953091
113011,"2016-12-13 12:46:00",200000536,1893735141
113010,"2016-12-13 12:43:33",100000572,7833392032
113009,"2016-12-13 12:42:16",200000370,1336619171
113008,"2016-12-13 12:42:04",200000591,2524845521
113007,"2016-12-13 12:38:34",200000349,6182400847
113006,"2016-12-13 12:36:51",200000301,2926937052
113005,"2016-12-13 12:34:17",100000304,3390230025
113004,"2016-12-13 12:33:32",200000842,8269421724
113003,"2016-12-13 12:32:26",100000928,8864799421
113002,"2016-12-13 12:32:08",300000736,6991736764
113001,"2016-12-13 12:31:07",200000414,4681342313
113000,"2016-12-13 12:30:20",100000871,8058527540
112999,"2016-12-13 12:29:59",100000273,4934584980
112998,"2016-12-13 12:28:43",300000888,3126356136
112997,"2016-12-13 12:28:29",100000605,2355020550
112996,"2016-12-13 12:28:24",300000340,8586814459
112995,"2016-12-13 12:27:41",400000470,8586814459
112994,"2016-12-13 12:26:09",400000002,5509524170
112993,"2016-12-13 12:22:38",300000777,5736433915
112992,"2016-12-13 12:22:31",100000922,2963300774
112991,"2016-12-13 12:21:52",400000515,3132788435
112990,"2016-12-13 12:20:58",200000903,7270957383
112989,"2016-12-13 12:18:21",200000408,3390230025
112988,"2016-12-13 12:18:12",200000110,2588421965
112987,"2016-12-13 12:17:38",100000148,2178891798
112986,"2016-12-13 12:17:01",100000873,9916068026
112985,"2016-12-13 12:16:17",300000612,2430071492
112984,"2016-12-13 12:15:03",200000632,6648383061
112983,"2016-12-13 12:12:31",100000157,4398051135
112982,"2016-12-13 12:12:20",100000626,3962085980
112981,"2016-12-13 12:10:38",300000729,4327321762
112980,"2016-12-13 12:10:21",100000656,2524845521
112979,"2016-12-13 12:10:07",400000470,9873264896
112978,"2016-12-13 12:08:35",300000550,8262662751
112977,"2016-12-13 12:08:32",100000809,7841340144
112976,"2016-12-13 12:08:26",200000579,1737807900
112975,"2016-12-13 12:07:44",400000758,1489444777
112974,"2016-12-13 12:07:37",100000178,9166887914
112973,"2016-12-13 12:07:19",100000346,9873264896
112972,"2016-12-13 12:06:55",100000316,7463357829
112971,"2016-12-13 12:05:41",100000444,7463357829
112970,"2016-12-13 12:05:09",100000882,1737807900
112969,"2016-12-13 12:02:52",100000643,7425260271
112968,"2016-12-13 12:02:19",200000586,3305177499
112967,"2016-12-13 12:02:12",200000384,3452086694
112966,"2016-12-13 12:00:28",100000172,2020397001
112965,"2016-12-13 11:58:38",100000657,4291344502
112964,"2016-12-13 11:58:01",100000316,3750666773
112963,"2016-12-13 11:56:18",200000482,8586814459
112962,"2016-12-13 11:55:20",200000361,5480721202
112961,"2016-12-13 11:54:04",100000679,3390230025
112960,"2016-12-13 11:50:29",100000130,8619953091
112959,"2016-12-13 11:49:45",300000496,3795753080
112958,"2016-12-13 11:48:13",300000687,2524845521
112957,"2016-12-13 11:47:48",100000840,8269421724
112956,"2016-12-13 11:46:38",200000339,3123824581
112955,"2016-12-13 11:43:53",300000430,5997626126
112954,"2016-12-13 11:43:41",100000216,1319286996
112953,"2016-12-13 11:41:26",300000814,1160651321
112952,"2016-12-13 11:41:14",200000803,9223468295
112951,"2016-12-13 11:40:22",100000771,7841340144
112950,"2016-12-13 11:40:14",200000763,5857761910
112949,"2016-12-13 11:39:20",100000064,2695940506
112948,"2016-12-13 11:38:30",100000878,2695940506
112947,"2016-12-13 11:38:21",300000597,3495221948
112946,"2016-12-13 11:37:14",100000906,8694351166
112945,"2016-12-13 11:34:46",100000781,5509524170
112944,"2016-12-13 11:30:34",200000700,6265788387
112943,"2016-12-13 11:30:06",200000076,4574639519
112942,"2016-12-13 11:29:30",400000113,5480721202
112941,"2016-12-13 11:27:46",200000659,2430071492
112940,"2016-12-13 11:26:11",100000219,1737807900
112939,"2016-12-13 11:25:24",100000286,6265788387
112938,"2016-12-13 11:23:57",100000195,6697166886
112937,"2016-12-13 11:21:50",200000684,8262662751
112936,"2016-12-13 11:20:49",200000261,1988250904
112935,"2016-12-13 11:19:00",400000517,3382973348
112934,"2016-12-13 11:18:23",100000858,1737807900
112933,"2016-12-13 11:18:11",100000694,5187373849
112932,"2016-12-13 11:17:32",200000747,1319286996
112931,"2016-12-13 11:13:34",100000878,5145202479
112930,"2016-12-13 11:13:28",100000091,7690258628
112929,"2016-12-13 11:12:53",100000326,8262662751
112928,"2016-12-13 11:10:33",200000912,1082405301
112927,"2016-12-13 11:09:23",300000815,3819369487
112926,"2016-12-13 11:09:09",100000885,5736433915
112925,"2016-12-13 11:07:01",100000328,7841340144
112924,"2016-12-13 11:06:10",200000389,9280265561
112923,"2016-12-13 11:01:37",100000383,9195451761
112922,"2016-12-13 11:01:26",100000249,6661671897
112921,"2016-12-13 10:57:32",100000344,4924918902
112920,"2016-12-13 10:57:25",200000457,5145202479
112919,"2016-12-13 10:57:11",100000305,8262662751
112918,"2016-12-13 10:56:38",100000881,8068199275
112917,"2016-12-13 10:55:03",200000644,9195451761
112916,"2016-12-13 10:54:43",300000634,1336619171
112915,"2016-12-13 10:54:39",100000558,9223468295
112914,"2016-12-13 10:53:55",200000548,7690258628
112913,"2016-12-13 10:53:32",100000146,2020397001
112912,"2016-12-13 10:49:32",100000322,9538578209
112911,"2016-12-13 10:49:30",200000608,1625450539
112910,"2016-12-13 10:48:26",100000873,3890778939
112909,"2016-12-13 10:47:40",100000746,7010679527
112908,"2016-12-13 10:46:14",200000039,3750666773
112907,"2016-12-13 10:43:52",200000362,9223468295
112906,"2016-12-13 10:43:13",100000922,4398051135
112905,"2016-12-13 10:42:32",200000493,6661671897
112904,"2016-12-13 10:42:29",100000133,2926937052
112903,"2016-12-13 10:42:20",400000639,8143229140
112902,"2016-12-13 10:40:15",200000661,8948840620
112901,"2016-12-13 10:39:23",200000661,1082405301
112900,"2016-12-13 10:35:53",100000306,7833392032
112899,"2016-12-13 10:35:43",100000205,2248992375
112898,"2016-12-13 10:35:35",200000631,5187373849
112897,"2016-12-13 10:35:22",300000428,3390230025
112896,"2016-12-13 10:34:20",100000577,8948840620
112895,"2016-12-13 10:34:07",100000500,3135576553
112894,"2016-12-13 10:33:10",200000670,3962085980
112893,"2016-12-13 10:32:53",100000123,9223468295
112892,"2016-12-13 10:32:13",300000685,3135576553
112891,"2016-12-13 10:31:05",100000089,8864799421
112890,"2016-12-13 10:30:01",100000190,4291344502
112889,"2016-12-13 10:26:40",200000191,5480721202
112888,"2016-12-13 10:24:52",300000633,5145202479
112887,"2016-12-13 10:23:51",100000277,3452086694
112886,"2016-12-13 10:23:47",100000456,8058527540
112885,"2016-12-13 10:23:19",300000735,2524845521
112884,"2016-12-13 10:22:34",200000904,2926937052
112883,"2016-12-13 10:22:09",300000074,8864799421
112882,"2016-12-13 10:21:21",100000628,5480721202
112881,"2016-12-13 10:20:18",300000736,9195451761
112880,"2016-12-13 10:20:12",100000028,6661671897
112879,"2016-12-13 10:19:59",100000175,3795753080
112878,"2016-12-13 10:16:58",200000417,5608950888
112877,"2016-12-13 10:15:13",100000695,3750666773
112876,"2016-12-13 10:12:43",300000411,5310615417
112875,"2016-12-13 10:09:10",100000248,8713824671
112874,"2016-12-13 10:08:21",100000231,3123824581
112873,"2016-12-13 10:05:25",100000858,6660530324
112872,"2016-12-13 10:04:46",200000414,6228611532
112871,"2016-12-13 10:04:09",100000122,6988128169
112870,"2016-12-13 10:02:38",100000197,2782517448
112869,"2016-12-13 10:02:07",100000061,3305177499
112868,"2016-12-13 10:01:58",100000093,1893735141
112867,"2016-12-13 10:00:39",200000072,2963300774
112866,"2016-12-13 10:00:17",100000209,3305177499
112865,"2016-12-13 10:00:06",100000383,2557931901
112864,"2016-12-13 09:57:55",300000021,3305177499
112863,"2016-12-13 09:56:47",200000071,8624682735
112862,"2016-12-13 09:56:40",100000087,8864799421
112861,"2016-12-13 09:55:51",100000143,9730446421
112860,"2016-12-13 09:55:37",100000477,7425260271
112859,"2016-12-13 09:53:04",100000890,3126356136
112858,"2016-12-13 09:51:40",200000462,4574639519
112857,"2016-12-13 09:46:35",200000033,7010679527
112856,"2016-12-13 09:44:51",200000506,9730446421
112855,"2016-12-13 09:42:25",100000291,6991736764
112854,"2016-12-13 09:41:25",100000568,2113413915
112853,"2016-12-13 09:41:11",200000700,8864799421
112852,"2016-12-13 09:40:52",100000134,3305177499
112851,"2016-12-13 09:33:41",300000468,6548962456
112850,"2016-12-13 09:33:37",200000903,7841340144
112849,"2016-12-13 09:33:10",100000011,6511971572
112848,"2016-12-13 09:32:46",300000815,5127562193
112847,"2016-12-13 09:32:03",100000871,4391642886
112846,"2016-12-13 09:28:26",100000860,1319286996
112845,"2016-12-13 09:25:00",100000034,2524845521
112844,"2016-12-13 09:23:59",100000313,7270957383
112843,"2016-12-13 09:22:36",100000308,2491559336
112842,"2016-12-13 09:19:08",200000506,9538578209
112841,"2016-12-13 09:17:40",100000724,8713824671
112840,"2016-12-13 09:16:54",100000327,9166887914
112839,"2016-12-13 09:16:27",200000833,1489444777
112838,"2016-12-13 09:15:57",200000040,6182400847
112837,"2016-12-13 09:15:40",100000309,7270957383
112836,"2016-12-13 09:14:51",200000801,4327321762
112835,"2016-12-13 09:14:12",200000017,4327321762
112834,"2016-12-13 09:13:10",100000249,6182617964
112833,"2016-12-13 09:12:20",400000450,6648383061
112832,"2016-12-13 09:12:03",200000438,3305177499
112831,"2016-12-13 09:06:11",100000723,5187883584
112830,"2016-12-13 09:06:07",300000530,3390230025
112829,"2016-12-13 09:05:35",200000105,5997626126
112828,"2016-12-13 09:01:24",100000445,5857761910
112827,"2016-12-13 09:00:58",300000768,4584868492
112826,"2016-12-13 08:59:39",100000827,7833392032
112825,"2016-12-13 08:54:34",100000707,2178891798
112824,"2016-12-13 08:54:27",300000073,8586814459
112823,"2016-12-13 08:51:13",200000631,1303837083
112822,"2016-12-13 08:51:03",100000709,3819369487
112821,"2016-12-13 08:49:00",100000344,5480721202
112820,"2016-12-13 08:48:03",100000320,6265788387
112819,"2016-12-13 08:47:25",100000341,2491559336
112818,"2016-12-13 08:42:57",100000235,5145202479
112817,"2016-12-13 08:38:13",100000680,9280265561
112816,"2016-12-13 08:37:43",400000721,3962085980
112815,"2016-12-13 08:36:19",200000008,2430071492
112814,"2016-12-13 08:32:52",400000513,6917448328
112813,"2016-12-13 08:32:38",100000444,9730446421
112812,"2016-12-13 08:32:04",200000658,2248992375
112811,"2016-12-13 08:31:01",100000773,5857761910
112810,"2016-12-13 08:30:50",100000875,4574639519
112809,"2016-12-13 08:30:42",100000825,1284609276
112808,"2016-12-13 08:30:35",100000135,5997626126
112807,"2016-12-13 08:29:52",100000294,5187373849
112806,"2016-12-13 08:28:58",100000788,9873264896
112805,"2016-12-13 08:28:45",400000115,1303837083
112804,"2016-12-13 08:27:55",100000121,2153011099
112803,"2016-12-13 08:26:47",100000796,1319286996
112802,"2016-12-13 08:26:31",200000210,2588421965
112801,"2016-12-13 08:25:21",100000156,5509524170
112800,"2016-12-13 08:21:58",200000856,4584868492
112799,"2016-12-13 08:18:56",200000537,5857761910
112798,"2016-12-13 08:18:51",100000707,2248992375
112797,"2016-12-13 08:17:20",200000210,1625450539
112796,"2016-12-13 08:14:26",100000452,5127562193
112795,"2016-12-13 08:14:13",100000884,9166887914
112794,"2016-12-13 08:11:42",100000220,8713824671
112793,"2016-12-13 08:11:17",100000618,3819369487
112792,"2016-12-13 08:07:48",300000530,4538875409
112791,"2016-12-13 08:07:17",100000656,6962492078
112790,"2016-12-13 08:07:06",100000122,8213207925
112789,"2016-12-13 08:06:44",100000132,8058527540
112788,"2016-12-13 08:06:21",200000523,2248992375
112787,"2016-12-13 08:05:50",100000096,3819369487
112786,"2016-12-13 08:04:44",100000181,2782517448
112785,"2016-12-13 08:02:06",200000712,7645689457
112784,"2016-12-13 07:59:31",100000153,8262662751
112783,"2016-12-13 07:58:27",100000273,3890778939
112782,"2016-12-13 07:57:43",400000759,2113413915
112781,"2016-12-13 07:57:19",200000018,9280265561
112780,"2016-12-13 07:56:59",100000292,8624682735
112779,"2016-12-13 07:55:38",300000597,1489444777
112778,"2016-12-13 07:54:40",100000224,3123824581
112777,"2016-12-13 07:54:10",100000255,2524845521
112776,"2016-12-13 07:52:41",100000743,3390230025
112775,"2016-12-13 07:52:16",100000219,7645888340
112774,"2016-12-13 07:52:14",100000124,5857761910
112773,"2016-12-13 07:51:40",100000119,5736433915
112772,"2016-12-13 07:48:46",400000720,5127562193
112771,"2016-12-13 07:48:00",100000304,9313710898
112770,"2016-12-13 07:46:26",100000875,4398051135
112769,"2016-12-13 07:46:24",100000902,2491559336
112768,"2016-12-13 07:45:32",100000204,2020397001
112767,"2016-12-13 07:45:04",100000142,3390230025
112766,"2016-12-13 07:44:25",200000458,1893735141
112765,"2016-12-13 07:40:49",100000051,2491559336
112764,"2016-12-13 07:39:09",100000547,2248992375
112763,"2016-12-13 07:38:46",300000611,4327321762
112762,"2016-12-13 07:38:36",300000074,2240469836
112761,"2016-12-13 07:38:30",300000731,4398051135
112760,"2016-12-13 07:38:27",100000322,3819369487
112759,"2016-12-13 07:35:17",100000446,9195451761
112758,"2016-12-13 07:32:21",200000820,7425260271
112757,"2016-12-13 07:31:39",100000299,9862518267
112756,"2016-12-13 07:30:43",100000421,7270957383
112755,"2016-12-13 07:27:55",100000042,2020397001
112754,"2016-12-13 07:27:11",400000516,8213207925
112753,"2016-12-13 07:26:38",100000212,8624682735
112752,"2016-12-13 07:25:47",300000652,4574639519
112751,"2016-12-13 07:23:49",100000604,8213207925
112750,"2016-12-13 07:20:38",300000496,7425260271
112749,"2016-12-13 07:20:20",200000725,1160651321
112748,"2016-12-13 07:08:38",100000308,4681342313
112747,"2016-12-13 07:04:52",200000629,2963300774
112746,"2016-12-13 06:59:48",200000483,2248992375
112745,"2016-12-13 06:59:09",100000078,2240469836
112744,"2016-12-13 06:58:18",100000226,5050067655
112743,"2016-12-13 06:57:38",100000919,5127562193
112742,"2016-12-13 06:57:31",100000284,3256419181
112741,"2016-12-13 06:53:02",200000629,1625450539
112740,"2016-12-13 06:52:56",100000576,4934584980
112739,"2016-12-13 06:52:02",200000941,7425260271
112738,"2016-12-13 06:48:37",100000038,3126356136
112737,"2016-12-13 06:47:53",100000234,6182617964
112736,"2016-12-13 06:47:03",200000339,8624682735
112735,"2016-12-13 06:46:08",200000101,4327321762
112734,"2016-12-13 06:45:34",100000868,3495221948
112733,"2016-12-13 06:41:37",200000072,2557931901
112732,"2016-12-13 06:36:38",100000313,2524845521
112731,"2016-12-13 06:32:05",200000728,8058527540
112730,"2016-12-13 06:31:18",100000327,7833392032
112729,"2016-12-13 06:31:14",100000311,6511971572
112728,"2016-12-13 06:28:20",200000904,1489444777
112727,"2016-12-13 06:26:30",200000480,8586814459
112726,"2016-12-13 06:25:31",100000519,4681342313
112725,"2016-12-13 06:25:12",100000240,1160651321
112724,"2016-12-13 06:24:44",100000231,9916068026
112723,"2016-12-13 06:24:37",200000672,2113413915
112722,"2016-12-13 06:24:04",100000695,6648383061
112721,"2016-12-13 06:20:55",100000170,8586814459
112720,"2016-12-13 06:20:14",200000493,5127562193
112719,"2016-12-13 06:16:54",200000582,3256419181
112718,"2016-12-13 06:16:24",100000001,2363094138
112717,"2016-12-13 06:15:48",100000746,1625450539
112716,"2016-12-13 06:14:58",100000872,2876522496
112715,"2016-12-13 06:13:35",100000247,5736433915
112714,"2016-12-13 06:12:14",200000586,1737807900
112713,"2016-12-13 06:09:28",100000060,4327321762
112712,"2016-12-13 06:09:14",300000079,2695940506
112711,"2016-12-13 06:08:30",100000831,6228611532
112710,"2016-12-13 06:05:05",100000225,1160651321
112709,"2016-12-13 06:04:14",100000255,6917448328
112708,"2016-12-13 06:04:07",300000552,5187883584
112707,"2016-12-13 06:00:37",100000454,4622769035
112706,"2016-12-13 05:57:44",200000110,9862518267
112705,"2016-12-13 05:57:36",100000760,6228611532
112704,"2016-12-13 05:57:26",200000887,4327321762
112703,"2016-12-13 05:57:22",100000063,8058527540
112702,"2016-12-13 05:54:09",100000279,1082405301
112701,"2016-12-13 05:48:55",400000513,1039854547
112700,"2016-12-13 05:48:55",400000396,1039854547
112699,"2016-12-13 05:47:03",100000797,3256419181
112698,"2016-12-13 05:46:09",100000840,4538875409
112697,"2016-12-13 05:44:38",100000221,2363094138
112696,"2016-12-13 05:41:14",100000212,5997626126
112695,"2016-12-13 05:38:27",100000928,3405268556
112694,"2016-12-13 05:37:41",300000594,2363094138
112693,"2016-12-13 05:37:14",100000877,2588421965
112692,"2016-12-13 05:35:59",200000024,8438262686
112691,"2016-12-13 05:35:21",100000199,2248992375
112690,"2016-12-13 05:34:53",100000174,4924918902
112689,"2016-12-13 05:34:19",100000237,6265788387
112688,"2016-12-13 05:31:18",200000481,2430071492
112687,"2016-12-13 05:31:08",400000419,6182400847
112686,"2016-12-13 05:31:04",400000044,3405268556
112685,"2016-12-13 05:30:34",400000115,6991736764
112684,"2016-12-13 05:30:27",200000076,2557931901
112683,"2016-12-13 05:28:50",300000688,2491559336
112682,"2016-12-13 05:27:39",100000028,6697166886
112681,"2016-12-13 05:27:22",100000900,1625450539
112680,"2016-12-13 05:27:17",100000498,3452086694
112679,"2016-12-13 05:24:19",100000145,6182617964
112678,"2016-12-13 05:21:37",100000927,6388591017
112677,"2016-12-13 05:21:09",100000920,3795753080
112676,"2016-12-13 05:20:43",100000315,8262662751
112675,"2016-12-13 05:19:46",200000018,2491559336
112674,"2016-12-13 05:19:16",100000345,5857761910
112673,"2016-12-13 05:17:37",200000505,7010679527
112672,"2016-12-13 05:17:22",100000566,4327321762
112671,"2016-12-13 05:17:20",200000424,6917448328
112670,"2016-12-13 05:16:37",200000416,3390230025
112669,"2016-12-13 05:15:18",100000498,4574639519
112668,"2016-12-13 05:15:11",100000116,6648383061
112667,"2016-12-13 05:12:54",100000313,5509524170
112666,"2016-12-13 05:12:47",200000671,7010679527
112665,"2016-12-13 05:10:55",100000007,5127562193
112664,"2016-12-13 05:10:19",400000540,8713824671
112663,"2016-12-13 05:08:40",100000212,9166887914
112662,"2016-12-13 05:08:32",100000709,4291344502
112661,"2016-12-13 05:02:03",100000809,2588421965
112660,"2016-12-13 04:59:57",200000102,6511971572
112659,"2016-12-13 04:58:33",300000429,5310615417
112658,"2016-12-13 04:57:58",400000676,4538875409
112657,"2016-12-13 04:57:46",100000543,7270957383
112656,"2016-12-13 04:57:01",200000484,8948840620
112655,"2016-12-13 04:55:34",100000184,9730446421
112654,"2016-12-13 04:53:32",200000256,6719567315
112653,"2016-12-13 04:50:15",400000601,6182617964
112652,"2016-12-13 04:49:56",100000149,9313710898
112651,"2016-12-13 04:49:11",300000367,8624682735
112650,"2016-12-13 04:47:49",400000829,2240469836
112649,"2016-12-13 04:46:04",100000329,9916068026
112648,"2016-12-13 04:44:47",200000834,3305177499
112647,"2016-12-13 04:41:39",400000554,9538578209
112646,"2016-12-13 04:40:13",300000418,6719567315
112645,"2016-12-13 04:36:01",200000072,5153370805
112644,"2016-12-13 04:33:56",100000827,4291344502
112643,"2016-12-13 04:33:52",100000133,1082405301
112642,"2016-12-13 04:32:02",100000178,2963300774
112641,"2016-12-13 04:31:07",100000560,1160651321
112640,"2016-12-13 04:30:08",100000476,7645888340
112639,"2016-12-13 04:29:23",400000272,3750666773
112638,"2016-12-13 04:27:44",100000187,7833392032
112637,"2016-12-13 04:25:55",100000181,2926937052
112636,"2016-12-13 04:24:59",100000679,1893735141
112635,"2016-12-13 04:18:23",200000166,3890778939
112634,"2016-12-13 04:17:04",100000161,3405268556
112633,"2016-12-13 04:16:40",200000424,1319286996
112632,"2016-12-13 04:16:21",100000042,3390230025
112631,"2016-12-13 04:13:05",200000069,8438262686
112630,"2016-12-13 04:09:51",300000527,8058527540
112629,"2016-12-13 04:09:11",300000510,4291344502
112628,"2016-12-13 04:08:17",400000441,7645689457
112627,"2016-12-13 04:06:39",100000094,5153370805
112626,"2016-12-13 04:05:54",200000749,2963300774
112625,"2016-12-13 04:04:46",200000665,3305177499
112624,"2016-12-13 04:04:22",300000467,9862518267
112623,"2016-12-13 04:02:19",300000529,9873264896
112622,"2016-12-13 03:59:32",100000169,8068199275
112621,"2016-12-13 03:59:22",200000070,7690258628
112620,"2016-12-13 03:56:14",200000485,5050067655
112619,"2016-12-13 03:52:49",100000010,6719567315
112618,"2016-12-13 03:50:17",300000440,3405268556
112617,"2016-12-13 03:49:35",100000655,6648383061
112616,"2016-12-13 03:48:49",300000428,8619953091
112615,"2016-12-13 03:47:15",200000266,8694351166
112614,"2016-12-13 03:47:02",100000037,2430071492
112613,"2016-12-13 03:45:45",100000290,7841340144
112612,"2016-12-13 03:43:39",100000446,1336619171
112611,"2016-12-13 03:42:52",200000503,2588421965
112610,"2016-12-13 03:42:28",200000791,9873264896
112609,"2016-12-13 03:41:44",300000730,6697166886
112608,"2016-12-13 03:41:38",200000810,3795753080
112607,"2016-12-13 03:41:08",100000162,2355020550
112606,"2016-12-13 03:39:24",100000862,4327321762
112605,"2016-12-13 03:36:50",400000470,1489444777
112604,"2016-12-13 03:36:44",100000176,1160651321
112603,"2016-12-13 03:36:03",100000477,3962085980
112602,"2016-12-13 03:32:06",200000371,5857761910
112601,"2016-12-13 03:31:03",100000342,8619953091
112600,"2016-12-13 03:30:47",200000107,3405268556
112599,"2016-12-13 03:30:22",200000910,1039854547
112598,"2016-12-13 03:29:20",100000577,3123824581
112597,"2016-12-13 03:28:37",200000406,4619440506
112596,"2016-12-13 03:27:20",200000536,8262662751
112595,"2016-12-13 03:26:38",200000535,6182400847
112594,"2016-12-13 03:24:22",100000201,4924918902
112593,"2016-12-13 03:22:36",100000502,5050067655
112592,"2016-12-13 03:21:43",100000215,4924918902
112591,"2016-12-13 03:20:25",100000096,1336619171
112590,"2016-12-13 03:20:10",100000169,3256419181
112589,"2016-12-13 03:19:56",400000625,2695940506
112588,"2016-12-13 03:18:31",200000347,4574639519
112587,"2016-12-13 03:18:12",100000771,3135576553
112586,"2016-12-13 03:17:56",200000482,6697166886
112585,"2016-12-13 03:14:59",100000019,3405268556
112584,"2016-12-13 03:14:02",100000236,2210750188
112583,"2016-12-13 03:13:54",100000519,9538578209
112582,"2016-12-13 03:11:59",100000234,6988128169
112581,"2016-12-13 03:11:46",300000667,2491559336
112580,"2016-12-13 03:11:23",200000701,2782517448
112579,"2016-12-13 03:11:22",300000524,9916068026
112578,"2016-12-13 03:10:49",300000525,5187883584
112577,"2016-12-13 03:10:21",100000574,8694351166
112576,"2016-12-13 03:10:05",400000755,7425260271
112575,"2016-12-13 03:08:20",200000067,5127562193
112574,"2016-12-13 03:07:59",100000097,6697166886
112573,"2016-12-13 03:05:40",100000151,8713824671
112572,"2016-12-13 03:05:02",200000784,8213207925
112571,"2016-12-13 03:03:04",300000392,4327321762
112570,"2016-12-13 03:02:32",100000130,6648383061
112569,"2016-12-13 03:00:41",100000437,4291344502
112568,"2016-12-13 03:00:33",100000120,1039854547
112567,"2016-12-13 02:59:15",200000843,6388591017
112566,"2016-12-13 02:59:08",300000530,3305177499
112565,"2016-12-13 02:54:37",300000777,9313710898
112564,"2016-12-13 02:53:50",100000211,2695940506
112563,"2016-12-13 02:53:37",100000344,2588421965
112562,"2016-12-13 02:50:25",300000367,2963300774
112561,"2016-12-13 02:48:58",300000730,5145202479
112560,"2016-12-13 02:48:24",100000054,7833392032
112559,"2016-12-13 02:47:50",200000447,3126356136
112558,"2016-12-13 02:47:00",100000742,7833392032
112557,"2016-12-13 02:44:36",100000835,1940915493
112556,"2016-12-13 02:39:08",200000066,4622769035
112555,"2016-12-13 02:38:47",100000119,1039854547
112554,"2016-12-13 02:36:29",300000553,7645689457
112553,"2016-12-13 02:36:13",100000818,2557931901
112552,"2016-12-13 02:32:48",200000463,1160651321
112551,"2016-12-13 02:31:35",100000377,5145202479
112550,"2016-12-13 02:30:41",100000208,2210750188
112549,"2016-12-13 02:28:58",300000409,3962085980
112548,"2016-12-13 02:28:56",200000940,2588421965
112547,"2016-12-13 02:25:56",200000631,9313710898
112546,"2016-12-13 02:24:53",100000278,8713824671
112545,"2016-12-13 02:22:22",100000867,6962492078
112544,"2016-12-13 02:22:12",100000831,1988250904
112543,"2016-12-13 02:20:06",100000281,5050067655
112542,"2016-12-13 02:19:58",100000925,7690258628
112541,"2016-12-13 02:19:30",200000904,1893735141
112540,"2016-12-13 02:18:33",100000198,2782517448
112539,"2016-12-13 02:18:21",300000009,2178891798
112538,"2016-12-13 02:17:18",100000807,2363094138
112537,"2016-12-13 02:15:56",100000288,5127562193
112536,"2016-12-13 02:14:15",300000375,4327321762
112535,"2016-12-13 02:13:01",100000003,1737807900
112534,"2016-12-13 02:12:12",200000426,2963300774
112533,"2016-12-13 02:10:26",100000641,2113413915
112532,"2016-12-13 02:05:59",200000646,6388591017
112531,"2016-12-13 02:04:57",400000449,6511971572
112530,"2016-12-13 02:04:52",300000553,6511971572
112529,"2016-12-13 02:04:34",100000144,3890778939
112528,"2016-12-13 02:03:05",200000257,2491559336
112527,"2016-12-13 02:02:07",100000455,8213207925
112526,"2016-12-13 02:01:39",200000046,8694351166
112525,"2016-12-13 02:00:18",100000928,6660530324
112524,"2016-12-13 02:00:11",100000246,3305177499
112523,"2016-12-13 01:59:13",100000640,2240469836
112522,"2016-12-13 01:56:42",100000141,1737807900
112521,"2016-12-13 01:54:59",100000451,2926937052
112520,"2016-12-13 01:54:15",200000108,7690258628
112519,"2016-12-13 01:51:34",400000027,5145202479
112518,"2016-12-13 01:51:19",100000760,3452086694
112517,"2016-12-13 01:51:15",200000762,8619953091
112516,"2016-12-13 01:47:00",100000421,1336619171
112515,"2016-12-13 01:43:54",100000520,4391642886
112514,"2016-12-13 01:43:32",100000854,5509524170
112513,"2016-12-13 01:42:21",200000386,2240469836
112512,"2016-12-13 01:39:46",100000097,1625450539
112511,"2016-12-13 01:39:13",100000883,1893735141
112510,"2016-12-13 01:38:09",400000625,7010679527
112509,"2016-12-13 01:38:04",100000453,4619440506
112508,"2016-12-13 01:34:19",100000292,3890778939
112507,"2016-12-13 01:33:07",200000347,6719567315
112506,"2016-12-13 01:27:19",300000367,2363094138
112505,"2016-12-13 01:26:47",300000913,9916068026
112504,"2016-12-13 01:26:00",100000119,1893735141
112503,"2016-12-13 01:25:41",200000033,8694351166
112502,"2016-12-13 01:23:12",100000782,6697166886
112501,"2016-12-13 01:23:12",100000280,6182617964
112500,"2016-12-13 01:21:59",200000417,1336619171
112499,"2016-12-13 01:18:40",100000378,6548962456
112498,"2016-12-13 01:16:00",100000013,9280265561
112497,"2016-12-13 01:15:55",100000135,5480721202
112496,"2016-12-13 01:13:25",100000086,6182617964
112495,"2016-12-13 01:12:24",400000795,7270957383
112494,"2016-12-13 01:12:19",200000100,5187373849
112493,"2016-12-13 01:11:37",100000518,8262662751
112492,"2016-12-13 01:10:35",200000924,5736433915
112491,"2016-12-13 01:10:24",200000864,3390230025
112490,"2016-12-13 01:07:41",100000252,3382973348
112489,"2016-12-13 01:07:33",400000554,5480721202
112488,"2016-12-13 01:05:35",300000687,1988250904
112487,"2016-12-13 01:04:08",200000664,7645888340
112486,"2016-12-13 01:02:53",100000906,7010679527
112485,"2016-12-13 01:02:46",200000619,8948840620
112484,"2016-12-13 01:02:16",100000207,8694351166
112483,"2016-12-13 01:01:28",300000468,6917448328
112482,"2016-12-13 01:01:23",200000033,3819369487
112481,"2016-12-13 00:59:55",100000722,5127562193
112480,"2016-12-13 00:58:25",100000707,3132788435
112479,"2016-12-13 00:58:21",100000341,1940915493
112478,"2016-12-13 00:58:13",200000820,4327321762
112477,"2016-12-13 00:58:10",100000172,5736433915
112476,"2016-12-13 00:56:02",200000904,1737807900
112475,"2016-12-13 00:55:15",100000572,9195451761
112474,"2016-12-13 00:53:48",300000702,7425260271
112473,"2016-12-13 00:53:34",100000229,6991736764
112472,"2016-12-13 00:52:51",100000280,3126356136
112471,"2016-12-13 00:51:59",300000778,1160651321
112470,"2016-12-13 00:49:52",300000487,7010679527
112469,"2016-12-13 00:48:36",300000752,6511971572
112468,"2016-12-13 00:46:49",300000852,8675740287
112467,"2016-12-13 00:46:35",400000769,6917448328
112466,"2016-12-13 00:44:34",100000502,4924918902
112465,"2016-12-13 00:42:16",300000427,5480721202
112464,"2016-12-13 00:38:10",200000661,2248992375
112463,"2016-12-13 00:37:54",100000156,3135576553
112462,"2016-12-13 00:37:22",200000361,5127562193
112461,"2016-12-13 00:37:09",100000122,1319286996
112460,"2016-12-13 00:35:37",200000140,8213207925
112459,"2016-12-13 00:34:47",300000006,4584868492
112458,"2016-12-13 00:34:36",200000897,8694351166
112457,"2016-12-13 00:33:13",300000888,5509524170
112456,"2016-12-13 00:32:42",100000475,6660530324
112455,"2016-12-13 00:32:33",400000514,4622769035
112454,"2016-12-13 00:29:31",300000595,6697166886
112453,"2016-12-13 00:28:21",100000290,7425260271
112452,"2016-12-13 00:27:57",300000539,8143229140
112451,"2016-12-13 00:27:40",200000046,6719567315
112450,"2016-12-13 00:25:36",100000518,2113413915
112449,"2016-12-13 00:25:05",300000634,6917448328
112448,"2016-12-13 00:21:47",100000745,3305177499
112447,"2016-12-13 00:21:19",200000866,3305177499
112446,"2016-12-13 00:20:04",100000850,5736433915
112445,"2016-12-13 00:15:23",100000059,9313710898
112444,"2016-12-13 00:14:04",100000709,5310615417
112443,"2016-12-13 00:12:36",200000811,3135576553
112442,"2016-12-13 00:12:04",100000031,6511971572
112441,"2016-12-13 00:11:19",200000046,6917448328
112440,"2016-12-13 00:10:29",200000465,3132788435
112439,"2016-12-13 00:10:22",200000647,8068199275
112438,"2016-12-13 00:09:31",100000001,6511971572
112437,"2016-12-13 00:09:25",300000852,4584868492
112436,"2016-12-13 00:08:09",100000185,6697166886
112435,"2016-12-13 00:07:43",100000086,8269421724
112434,"2016-12-13 00:07:36",100000247,2876522496
112433,"2016-12-13 00:07:12",100000885,5509524170
112432,"2016-12-13 00:05:18",300000393,7463357829
112431,"2016-12-13 00:04:19",100000311,1303837083
112430,"2016-12-13 00:03:57",100000547,1336619171
112429,"2016-12-13 00:02:50",100000559,9166887914
112428,"2016-12-13 00:01:22",100000710,1082405301
112427,"2016-12-13 00:01:11",200000774,9916068026
112426,"2016-12-12 23:58:15",300000688,6719567315
112425,"2016-12-12 23:56:04",100000919,5127562193
112424,"2016-12-12 23:56:02",200000903,9862518267
112423,"2016-12-12 23:54:39",200000481,5480721202
112422,"2016-12-12 23:52:47",100000898,5480721202
112421,"2016-12-12 23:52:35",200000863,8713824671
112420,"2016-12-12 23:51:10",200000775,8619953091
112419,"2016-12-12 23:50:46",200000164,4291344502
112418,"2016-12-12 23:50:42",100000899,4924918902
112417,"2016-12-12 23:50:32",100000202,6511971572
112416,"2016-12-12 23:50:17",300000687,5997626126
112415,"2016-12-12 23:49:38",100000084,9730446421
112414,"2016-12-12 23:49:07",200000387,6660530324
112413,"2016-12-12 23:46:53",100000005,2178891798
112412,"2016-12-12 23:46:25",100000285,5145202479
112411,"2016-12-12 23:44:51",200000800,9195451761
112410,"2016-12-12 23:44:06",200000350,8713824671
112409,"2016-12-12 23:44:00",400000113,2153011099
112408,"2016-12-12 23:43:47",100000314,6697166886
112407,"2016-12-12 23:43:22",100000214,4291344502
112406,"2016-12-12 23:37:12",100000061,8213207925
112405,"2016-12-12 23:30:54",400000914,8058527540
112404,"2016-12-12 23:30:47",200000865,5050067655
112403,"2016-12-12 23:30:12",200000775,9862518267
112402,"2016-12-12 23:29:21",100000603,3495221948
112401,"2016-12-12 23:28:57",100000188,2430071492
112400,"2016-12-12 23:28:33",200000644,5857761910
112399,"2016-12-12 23:23:30",100000436,8864799421
112398,"2016-12-12 23:23:29",200000102,9862518267
112397,"2016-12-12 23:23:00",400000396,3126356136
112396,"2016-12-12 23:22:16",200000683,4391642886
112395,"2016-12-12 23:19:53",100000839,8694351166
112394,"2016-12-12 23:19:19",100000155,2363094138
112393,"2016-12-12 23:18:19",100000883,2248992375
112392,"2016-12-12 23:18:16",300000719,2153011099
112391,"2016-12-12 23:17:58",300000530,8619953091
112390,"2016-12-12 23:17:22",100000193,5187373849
112389,"2016-12-12 23:13:31",100000217,2240469836
112388,"2016-12-12 23:13:24",100000617,4538875409
112387,"2016-12-12 23:12:22",300000767,8619953091
112386,"2016-12-12 23:12:20",100000215,8068199275
112385,"2016-12-12 23:08:29",100000314,2210750188
112384,"2016-12-12 23:00:48",100000199,7502168586
112383,"2016-12-12 22:59:32",100000083,4391642886
112382,"2016-12-12 22:58:26",100000219,4622769035
112381,"2016-12-12 22:58:07",300000269,1940915493
112380,"2016-12-12 22:57:36",100000299,8058527540
112379,"2016-12-12 22:55:40",300000686,6548962456
112378,"2016-12-12 22:55:22",100000895,7690258628
112377,"2016-12-12 22:55:02",300000364,3126356136
112376,"2016-12-12 22:53:59",200000865,8948840620
112375,"2016-12-12 22:53:58",200000855,2178891798
112374,"2016-12-12 22:52:56",100000126,3305177499
112373,"2016-12-12 22:52:55",100000475,7502168586
112372,"2016-12-12 22:50:37",300000395,1940915493
112371,"2016-12-12 22:49:39",100000034,3132788435
112370,"2016-12-12 22:49:16",200000265,5997626126
112369,"2016-12-12 22:47:38",200000406,8619953091
112368,"2016-12-12 22:45:57",100000246,8624682735
112367,"2016-12-12 22:44:00",100000195,5187883584
112366,"2016-12-12 22:43:40",100000305,3819369487
112365,"2016-12-12 22:43:33",100000232,4934584980
112364,"2016-12-12 22:42:32",200000099,3132788435
112363,"2016-12-12 22:41:54",200000462,4538875409
112362,"2016-12-12 22:41:39",100000606,8624682735
112361,"2016-12-12 22:41:20",300000553,5127562193
112360,"2016-12-12 22:40:05",300000468,8675740287
112359,"2016-12-12 22:40:01",200000067,2020397001
112358,"2016-12-12 22:37:22",100000330,3382973348
112357,"2016-12-12 22:32:38",100000772,5480721202
112356,"2016-12-12 22:32:14",200000363,9166887914
112355,"2016-12-12 22:31:57",100000563,6991736764
112354,"2016-12-12 22:31:44",200000018,3135576553
112353,"2016-12-12 22:31:38",100000443,2524845521
112352,"2016-12-12 22:31:14",200000029,4538875409
112351,"2016-12-12 22:30:28",100000278,2926937052
112350,"2016-12-12 22:30:16",200000909,6182400847
112349,"2016-12-12 22:29:57",100000571,8269421724
112348,"2016-12-12 22:29:46",100000546,3256419181
112347,"2016-12-12 22:27:48",100000280,8241463559
112346,"2016-12-12 22:27:47",200000349,1284609276
112345,"2016-12-12 22:27:11",100000232,8864799421
112344,"2016-12-12 22:23:17",100000286,3126356136
112343,"2016-12-12 22:20:33",100000876,3405268556
112342,"2016-12-12 22:16:51",300000466,4619440506
112341,"2016-12-12 22:14:45",300000358,7502168586
112340,"2016-12-12 22:12:45",300000652,3495221948
112339,"2016-12-12 22:12:14",300000168,6265788387
112338,"2016-12-12 22:11:56",200000819,2926937052
112337,"2016-12-12 22:11:40",400000272,9313710898
112336,"2016-12-12 22:10:36",100000860,8619953091
112335,"2016-12-12 22:09:51",100000162,6228611532
112334,"2016-12-12 22:09:15",100000616,9873264896
112333,"2016-12-12 22:09:01",200000165,8143229140
112332,"2016-12-12 22:08:26",100000190,6697166886
112331,"2016-12-12 22:08:12",100000092,8438262686
112330,"2016-12-12 22:06:24",300000430,7463357829
112329,"2016-12-12 22:03:30",100000053,3405268556
112328,"2016-12-12 22:03:11",100000335,8624682735
112327,"2016-12-12 22:02:48",100000862,4584868492
112326,"2016-12-12 22:01:50",300000530,4934584980
112325,"2016-12-12 22:00:07",200000458,5480721202
112324,"2016-12-12 21:58:36",100000679,8675740287
112323,"2016-12-12 21:58:16",100000278,5857761910
112322,"2016-12-12 21:58:14",100000724,1284609276
112321,"2016-12-12 21:58:04",100000677,2430071492
112320,"2016-12-12 21:57:17",100000222,1988250904
112319,"2016-12-12 21:56:13",100000618,9873264896
112318,"2016-12-12 21:53:21",300000524,7425260271
112317,"2016-12-12 21:50:17",100000218,1737807900
112316,"2016-12-12 21:48:01",100000235,5187373849
112315,"2016-12-12 21:47:52",100000253,8438262686
112314,"2016-12-12 21:47:40",100000379,4327321762
112313,"2016-12-12 21:45:23",100000838,9313710898
112312,"2016-12-12 21:44:27",100000835,2491559336
112311,"2016-12-12 21:43:58",100000282,9873264896
112310,"2016-12-12 21:42:55",300000009,7463357829
112309,"2016-12-12 21:40:35",200000579,4391642886
112308,"2016-12-12 21:40:21",200000662,2113413915
112307,"2016-12-12 21:39:57",100000926,5187883584
112306,"2016-12-12 21:35:56",100000423,1988250904
112305,"2016-12-12 21:35:48",200000608,8624682735
112304,"2016-12-12 21:34:35",200000265,7463357829
112303,"2016-12-12 21:32:02",100000335,4584868492
112302,"2016-12-12 21:30:46",400000434,3795753080
112301,"2016-12-12 21:29:51",100000042,2020397001
112300,"2016-12-12 21:29:36",100000232,3890778939
112299,"2016-12-12 21:27:11",100000573,3382973348
112298,"2016-12-12 21:27:04",100000893,1737807900
112297,"2016-12-12 21:25:40",200000008,8213207925
112296,"2016-12-12 21:22:55",100000436,4622769035
112295,"2016-12-12 21:21:57",300000732,1319286996
112294,"2016-12-12 21:20:56",200000110,7502168586
112293,"2016-12-12 21:20:32",300000767,6697166886
112292,"2016-12-12 21:20:08",400000600,3405268556
112291,"2016-12-12 21:19:59",100000249,2557931901
112290,"2016-12-12 21:19:07",100000881,5857761910
112289,"2016-12-12 21:18:38",200000118,6182400847
112288,"2016-12-12 21:16:48",100000121,9870137717
112287,"2016-12-12 21:12:23",100000136,6697166886
112286,"2016-12-12 21:11:02",100000781,5050067655
112285,"2016-12-12 21:07:48",300000510,7833392032
112284,"2016-12-12 21:04:57",300000510,8262662751
112283,"2016-12-12 21:03:56",300000729,8713824671
112282,"2016-12-12 21:01:25",100000086,8713824671
112281,"2016-12-12 20:58:59",200000844,1336619171
112280,"2016-12-12 20:57:46",200000671,4584868492
112279,"2016-12-12 20:56:44",300000735,2782517448
112278,"2016-12-12 20:56:37",100000228,3405268556
112277,"2016-12-12 20:56:28",100000205,9916068026
112276,"2016-12-12 20:55:35",100000218,2926937052
112275,"2016-12-12 20:54:42",200000683,3819369487
112274,"2016-12-12 20:54:14",200000414,2782517448
112273,"2016-12-12 20:54:05",100000012,5997626126
112272,"2016-12-12 20:54:05",200000459,8586814459
112271,"2016-12-12 20:50:28",100000174,1336619171
112270,"2016-12-12 20:49:30",100000314,5127562193
112269,"2016-12-12 20:48:59",100000826,8713824671
112268,"2016-12-12 20:48:14",100000543,8864799421
112267,"2016-12-12 20:47:45",200000264,9166887914
112266,"2016-12-12 20:42:30",300000634,1284609276
112265,"2016-12-12 20:41:41",200000483,2113413915
112264,"2016-12-12 20:40:23",100000312,1303837083
112263,"2016-12-12 20:39:34",200000026,9870137717
112262,"2016-12-12 20:37:48",200000582,8438262686
112261,"2016-12-12 20:37:05",300000815,6182400847
112260,"2016-12-12 20:34:06",200000047,8241463559
112259,"2016-12-12 20:33:16",200000301,1336619171
112258,"2016-12-12 20:32:16",100000798,4291344502
112257,"2016-12-12 20:32:14",100000090,7463357829
112256,"2016-12-12 20:32:00",200000728,6182400847
